{"cameraMode":{"drawMode":0,"name":"Shaded","section":"Shading Mode"},"sceneLighting":true,"audioPlay":false,"sceneViewState":{"m_AlwaysRefresh":false,"showFog":true,"showSkybox":true,"showFlares":true,"showImageEffects":true,"showParticleSystems":true,"showVisualEffectGraphs":true,"m_FxEnabled":true},"in2DMode":false,"pivot":{"x":-5.870304107666016,"y":15.178747177124024,"z":90.89693450927735},"rotation":{"x":0.0005991663783788681,"y":-0.09644155949354172,"z":-0.000058277888456359506,"w":-0.9953390955924988},"size":111.3203353881836,"orthographic":true}