{"cameraMode":{"drawMode":0,"name":"Shaded","section":"Shading Mode"},"sceneLighting":false,"audioPlay":false,"sceneViewState":{"m_AlwaysRefresh":false,"showFog":true,"showSkybox":false,"showFlares":true,"showImageEffects":true,"showParticleSystems":true,"showVisualEffectGraphs":true,"m_FxEnabled":true},"in2DMode":false,"pivot":{"x":754.7069702148438,"y":764.6117553710938,"z":-48.31401062011719},"rotation":{"x":-0.04080013185739517,"y":0.003920222632586956,"z":-0.000030347007850650698,"w":-0.99921715259552},"size":249.44821166992188,"orthographic":false}